{
  "0.09399999678134918": 1,
  "0.135137432": 1.5,
  "0.16639786958694458": 2,
  "0.192650919": 2.5,
  "0.21573247": 3,
  "0.236572661": 3.5,
  "0.25572005": 4,
  "0.273530381": 4.5,
  "0.29024988412857056": 5,
  "0.306057377": 5.5,
  "0.3210875988006592": 6,
  "0.335445036": 6.5,
  "0.34921268": 7,
  "0.362457751": 7.5,
  "0.37523558735847473": 8,
  "0.387592406": 8.5,
  "0.39956727623939514": 9,
  "0.411193551": 9.5,
  "0.42250001": 10,
  "0.432926419": 10.5,
  "0.443107545375824": 11,
  "0.4530599578": 11.5,
  "0.4627983868122101": 12,
  "0.472336083": 12.5,
  "0.48168495": 13,
  "0.4908558": 13.5,
  "0.49985843896865845": 14,
  "0.508701765": 14.5,
  "0.517393946647644": 15,
  "0.525942511": 15.5,
  "0.5343543291091919": 16,
  "0.542635767": 16.5,
  "0.55079269": 17,
  "0.558830576": 17.5,
  "0.5667545199394226": 18,
  "0.574569153": 18.5,
  "0.5822789072990417": 19,
  "0.589887917": 19.5,
  "0.5974000096321106": 20,
  "0.604818814": 20.5,
  "0.6121572852134705": 21,
  "0.619399365": 21.5,
  "0.6265671253204346": 22,
  "0.633644533": 22.5,
  "0.6406529545783997": 23,
  "0.647576426": 23.5,
  "0.6544356346130371": 24,
  "0.661214806": 24.5,
  "0.667934000492096": 25,
  "0.674577537": 25.5,
  "0.6811649203300476": 26,
  "0.687680648": 26.5,
  "0.6941436529159546": 27,
  "0.700538673": 27.5,
  "0.70688421": 28,
  "0.713164996": 28.5,
  "0.71939909": 29,
  "0.725571552": 29.5,
  "0.7317": 30,
  "0.734741009": 30.5,
  "0.73776948": 31,
  "0.740785574": 31.5,
  "0.74378943": 32,
  "0.746781211": 32.5,
  "0.74976104": 33,
  "0.752729087": 33.5,
  "0.75568551": 34,
  "0.758630378": 34.5,
  "0.76156384": 35,
  "0.764486065": 35.5,
  "0.76739717": 36,
  "0.770297266": 36.5,
  "0.7731865": 37,
  "0.776064962": 37.5,
  "0.77893275": 38,
  "0.781790055": 38.5,
  "0.78463697": 39,
  "0.787473578": 39.5,
  "0.79030001": 40
}
